instance,n,edges,budget_ms,seed,solver,objective,has_incumbent,wall_ms,valid,status,bound,branches,conflicts
C125-9.gph,125,787,10,1,degree,30,,0.020647,1,heuristic,,,
C125-9.gph,125,787,10,1,random,30,,0.022016,1,heuristic,,,
C125-9.gph,125,787,10,1,local,30,,0.077184,1,heuristic,,,
C125-9.gph,125,787,10,1,morph,34,,10.029,1,heuristic,,,
C125-9.gph,125,787,10,1,cp-sat,nan,False,10.884732999784319,0,UNKNOWN,0.0,0,0
C125-9.gph,125,787,10,2,degree,30,,0.018312,1,heuristic,,,
C125-9.gph,125,787,10,2,random,29,,0.019848,1,heuristic,,,
C125-9.gph,125,787,10,2,local,29,,0.071898,1,heuristic,,,
C125-9.gph,125,787,10,2,morph,34,,10.0472,1,heuristic,,,
C125-9.gph,125,787,10,2,cp-sat,nan,False,9.212024000134988,0,UNKNOWN,0.0,0,0
C125-9.gph,125,787,10,3,degree,30,,0.019933,1,heuristic,,,
C125-9.gph,125,787,10,3,random,29,,0.018764,1,heuristic,,,
C125-9.gph,125,787,10,3,local,29,,0.072409,1,heuristic,,,
C125-9.gph,125,787,10,3,morph,34,,10.0607,1,heuristic,,,
C125-9.gph,125,787,10,3,cp-sat,nan,False,10.689159999856201,0,UNKNOWN,0.0,0,0
C125-9.gph,125,787,10,4,degree,30,,0.017988,1,heuristic,,,
C125-9.gph,125,787,10,4,random,29,,0.01755,1,heuristic,,,
C125-9.gph,125,787,10,4,local,29,,0.106872,1,heuristic,,,
C125-9.gph,125,787,10,4,morph,34,,10.0667,1,heuristic,,,
C125-9.gph,125,787,10,4,cp-sat,nan,False,10.678481000013562,0,UNKNOWN,0.0,0,0
C125-9.gph,125,787,10,5,degree,30,,0.018175,1,heuristic,,,
C125-9.gph,125,787,10,5,random,31,,0.023529,1,heuristic,,,
C125-9.gph,125,787,10,5,local,31,,0.05998,1,heuristic,,,
C125-9.gph,125,787,10,5,morph,34,,10.0032,1,heuristic,,,
C125-9.gph,125,787,10,5,cp-sat,nan,False,10.333176000131061,0,UNKNOWN,0.0,0,0
C125-9.gph,125,787,50,1,degree,30,,0.018203,1,heuristic,,,
C125-9.gph,125,787,50,1,random,30,,0.020245,1,heuristic,,,
C125-9.gph,125,787,50,1,local,30,,0.062351,1,heuristic,,,
C125-9.gph,125,787,50,1,morph,34,,50.0467,1,heuristic,,,
C125-9.gph,125,787,50,1,cp-sat,29,True,51.18869599982645,1,FEASIBLE,47.0,824,0
C125-9.gph,125,787,50,2,degree,30,,0.018056,1,heuristic,,,
C125-9.gph,125,787,50,2,random,29,,0.016687,1,heuristic,,,
C125-9.gph,125,787,50,2,local,29,,0.062665,1,heuristic,,,
C125-9.gph,125,787,50,2,morph,34,,50.0426,1,heuristic,,,
C125-9.gph,125,787,50,2,cp-sat,29,True,50.40103400006046,1,FEASIBLE,46.0,849,27
C125-9.gph,125,787,50,3,degree,30,,0.021892,1,heuristic,,,
C125-9.gph,125,787,50,3,random,29,,0.017674,1,heuristic,,,
C125-9.gph,125,787,50,3,local,29,,0.063465,1,heuristic,,,
C125-9.gph,125,787,50,3,morph,34,,50.0572,1,heuristic,,,
C125-9.gph,125,787,50,3,cp-sat,29,True,50.37175799998295,1,FEASIBLE,46.0,860,13
C125-9.gph,125,787,50,4,degree,30,,0.01818,1,heuristic,,,
C125-9.gph,125,787,50,4,random,29,,0.020598,1,heuristic,,,
C125-9.gph,125,787,50,4,local,29,,0.073299,1,heuristic,,,
C125-9.gph,125,787,50,4,morph,34,,50.0272,1,heuristic,,,
C125-9.gph,125,787,50,4,cp-sat,30,True,50.27368300034141,1,FEASIBLE,46.0,829,2
C125-9.gph,125,787,50,5,degree,30,,0.017422,1,heuristic,,,
C125-9.gph,125,787,50,5,random,31,,0.037778,1,heuristic,,,
C125-9.gph,125,787,50,5,local,31,,0.060403,1,heuristic,,,
C125-9.gph,125,787,50,5,morph,34,,50.0033,1,heuristic,,,
C125-9.gph,125,787,50,5,cp-sat,31,True,50.45847800010961,1,FEASIBLE,46.0,831,7
C125-9.gph,125,787,100,1,degree,30,,0.017812,1,heuristic,,,
C125-9.gph,125,787,100,1,random,30,,0.017616,1,heuristic,,,
C125-9.gph,125,787,100,1,local,30,,0.063717,1,heuristic,,,
C125-9.gph,125,787,100,1,morph,34,,100.039,1,heuristic,,,
C125-9.gph,125,787,100,1,cp-sat,30,True,100.83974500003023,1,FEASIBLE,46.0,1440,50
C125-9.gph,125,787,100,2,degree,30,,0.020948,1,heuristic,,,
C125-9.gph,125,787,100,2,random,29,,0.01704,1,heuristic,,,
C125-9.gph,125,787,100,2,local,29,,0.061912,1,heuristic,,,
C125-9.gph,125,787,100,2,morph,34,,100.006,1,heuristic,,,
C125-9.gph,125,787,100,2,cp-sat,30,True,100.81939199972112,1,FEASIBLE,46.0,1168,50
C125-9.gph,125,787,100,3,degree,30,,0.039929,1,heuristic,,,
C125-9.gph,125,787,100,3,random,29,,0.022496,1,heuristic,,,
C125-9.gph,125,787,100,3,local,29,,0.063651,1,heuristic,,,
C125-9.gph,125,787,100,3,morph,34,,100.008,1,heuristic,,,
C125-9.gph,125,787,100,3,cp-sat,30,True,100.88953900003617,1,FEASIBLE,46.0,1193,55
C125-9.gph,125,787,100,4,degree,30,,0.018195,1,heuristic,,,
C125-9.gph,125,787,100,4,random,29,,0.020433,1,heuristic,,,
C125-9.gph,125,787,100,4,local,29,,0.062682,1,heuristic,,,
C125-9.gph,125,787,100,4,morph,34,,100.075,1,heuristic,,,
C125-9.gph,125,787,100,4,cp-sat,31,True,100.57993899999929,1,FEASIBLE,46.0,1164,38
C125-9.gph,125,787,100,5,degree,30,,0.062713,1,heuristic,,,
C125-9.gph,125,787,100,5,random,31,,0.020581,1,heuristic,,,
C125-9.gph,125,787,100,5,local,31,,0.070114,1,heuristic,,,
C125-9.gph,125,787,100,5,morph,34,,100.008,1,heuristic,,,
C125-9.gph,125,787,100,5,cp-sat,31,True,100.50393800020174,1,FEASIBLE,46.0,1170,76
C125-9.gph,125,787,1000,1,degree,30,,0.020964,1,heuristic,,,
C125-9.gph,125,787,1000,1,random,30,,0.017713,1,heuristic,,,
C125-9.gph,125,787,1000,1,local,30,,0.063125,1,heuristic,,,
C125-9.gph,125,787,1000,1,morph,34,,1000.01,1,heuristic,,,
C125-9.gph,125,787,1000,1,cp-sat,34,True,1000.4665459996431,1,FEASIBLE,46.0,5172,916
C125-9.gph,125,787,1000,2,degree,30,,0.019902,1,heuristic,,,
C125-9.gph,125,787,1000,2,random,29,,0.018307,1,heuristic,,,
C125-9.gph,125,787,1000,2,local,29,,0.062888,1,heuristic,,,
C125-9.gph,125,787,1000,2,morph,34,,1000.03,1,heuristic,,,
C125-9.gph,125,787,1000,2,cp-sat,34,True,1000.5044819999966,1,FEASIBLE,46.0,4608,871
C125-9.gph,125,787,1000,3,degree,30,,0.018452,1,heuristic,,,
C125-9.gph,125,787,1000,3,random,29,,0.01853,1,heuristic,,,
C125-9.gph,125,787,1000,3,local,29,,0.064947,1,heuristic,,,
C125-9.gph,125,787,1000,3,morph,34,,1000.07,1,heuristic,,,
C125-9.gph,125,787,1000,3,cp-sat,32,True,1000.8279809999294,1,FEASIBLE,46.0,3848,1230
C125-9.gph,125,787,1000,4,degree,30,,0.02157,1,heuristic,,,
C125-9.gph,125,787,1000,4,random,29,,0.021905,1,heuristic,,,
C125-9.gph,125,787,1000,4,local,29,,0.074733,1,heuristic,,,
C125-9.gph,125,787,1000,4,morph,34,,1000.06,1,heuristic,,,
C125-9.gph,125,787,1000,4,cp-sat,31,True,1000.5150639999556,1,FEASIBLE,46.0,3968,747
C125-9.gph,125,787,1000,5,degree,30,,0.021459,1,heuristic,,,
C125-9.gph,125,787,1000,5,random,31,,0.021373,1,heuristic,,,
C125-9.gph,125,787,1000,5,local,31,,0.068795,1,heuristic,,,
C125-9.gph,125,787,1000,5,morph,34,,1000.06,1,heuristic,,,
C125-9.gph,125,787,1000,5,cp-sat,34,True,1005.7527779999873,1,FEASIBLE,46.0,8915,977
brock200-1.gph,200,14834,10,1,degree,4,,0.062831,1,heuristic,,,
brock200-1.gph,200,14834,10,1,random,4,,0.03496,1,heuristic,,,
brock200-1.gph,200,14834,10,1,local,4,,4.42918,1,heuristic,,,
brock200-1.gph,200,14834,10,1,morph,6,,11.1691,1,heuristic,,,
brock200-1.gph,200,14834,10,1,cp-sat,nan,False,18.926586999896244,0,UNKNOWN,0.0,0,0
brock200-1.gph,200,14834,10,2,degree,4,,0.035248,1,heuristic,,,
brock200-1.gph,200,14834,10,2,random,4,,0.035299,1,heuristic,,,
brock200-1.gph,200,14834,10,2,local,4,,4.48848,1,heuristic,,,
brock200-1.gph,200,14834,10,2,morph,6,,10.7895,1,heuristic,,,
brock200-1.gph,200,14834,10,2,cp-sat,nan,False,17.717582999921433,0,UNKNOWN,0.0,0,0
brock200-1.gph,200,14834,10,3,degree,4,,0.035305,1,heuristic,,,
brock200-1.gph,200,14834,10,3,random,4,,0.03493,1,heuristic,,,
brock200-1.gph,200,14834,10,3,local,4,,4.50176,1,heuristic,,,
brock200-1.gph,200,14834,10,3,morph,6,,10.7534,1,heuristic,,,
brock200-1.gph,200,14834,10,3,cp-sat,nan,False,18.204828000307316,0,UNKNOWN,0.0,0,0
brock200-1.gph,200,14834,10,4,degree,4,,0.03476,1,heuristic,,,
brock200-1.gph,200,14834,10,4,random,4,,0.033475,1,heuristic,,,
brock200-1.gph,200,14834,10,4,local,4,,4.5069,1,heuristic,,,
brock200-1.gph,200,14834,10,4,morph,6,,10.8954,1,heuristic,,,
brock200-1.gph,200,14834,10,4,cp-sat,nan,False,17.981508000048052,0,UNKNOWN,0.0,0,0
brock200-1.gph,200,14834,10,5,degree,4,,0.03521,1,heuristic,,,
brock200-1.gph,200,14834,10,5,random,4,,0.051985,1,heuristic,,,
brock200-1.gph,200,14834,10,5,local,4,,4.5187,1,heuristic,,,
brock200-1.gph,200,14834,10,5,morph,6,,10.7955,1,heuristic,,,
brock200-1.gph,200,14834,10,5,cp-sat,nan,False,17.670164000264776,0,UNKNOWN,0.0,0,0
brock200-1.gph,200,14834,50,1,degree,4,,0.041855,1,heuristic,,,
brock200-1.gph,200,14834,50,1,random,4,,0.035057,1,heuristic,,,
brock200-1.gph,200,14834,50,1,local,4,,4.43036,1,heuristic,,,
brock200-1.gph,200,14834,50,1,morph,6,,51.1721,1,heuristic,,,
brock200-1.gph,200,14834,50,1,cp-sat,nan,False,60.64853199995923,0,UNKNOWN,0.0,0,0
brock200-1.gph,200,14834,50,2,degree,4,,0.044423,1,heuristic,,,
brock200-1.gph,200,14834,50,2,random,4,,0.036211,1,heuristic,,,
brock200-1.gph,200,14834,50,2,local,4,,4.46579,1,heuristic,,,
brock200-1.gph,200,14834,50,2,morph,6,,50.8112,1,heuristic,,,
brock200-1.gph,200,14834,50,2,cp-sat,nan,False,61.29742700022689,0,UNKNOWN,0.0,0,0
brock200-1.gph,200,14834,50,3,degree,4,,0.042787,1,heuristic,,,
brock200-1.gph,200,14834,50,3,random,4,,0.04333,1,heuristic,,,
brock200-1.gph,200,14834,50,3,local,4,,4.40409,1,heuristic,,,
brock200-1.gph,200,14834,50,3,morph,6,,50.2009,1,heuristic,,,
brock200-1.gph,200,14834,50,3,cp-sat,nan,False,62.45777899994209,0,UNKNOWN,0.0,0,0
brock200-1.gph,200,14834,50,4,degree,4,,0.042842,1,heuristic,,,
brock200-1.gph,200,14834,50,4,random,4,,0.034869,1,heuristic,,,
brock200-1.gph,200,14834,50,4,local,4,,4.95155,1,heuristic,,,
brock200-1.gph,200,14834,50,4,morph,6,,52.1098,1,heuristic,,,
brock200-1.gph,200,14834,50,4,cp-sat,nan,False,60.89212699998825,0,UNKNOWN,0.0,0,0
brock200-1.gph,200,14834,50,5,degree,4,,0.035815,1,heuristic,,,
brock200-1.gph,200,14834,50,5,random,4,,0.034643,1,heuristic,,,
brock200-1.gph,200,14834,50,5,local,4,,4.45571,1,heuristic,,,
brock200-1.gph,200,14834,50,5,morph,6,,50.4487,1,heuristic,,,
brock200-1.gph,200,14834,50,5,cp-sat,nan,False,60.5479590003597,0,UNKNOWN,0.0,0,0
brock200-1.gph,200,14834,100,1,degree,4,,0.045706,1,heuristic,,,
brock200-1.gph,200,14834,100,1,random,4,,0.049408,1,heuristic,,,
brock200-1.gph,200,14834,100,1,local,4,,4.44579,1,heuristic,,,
brock200-1.gph,200,14834,100,1,morph,6,,101.605,1,heuristic,,,
brock200-1.gph,200,14834,100,1,cp-sat,nan,False,118.57954299966877,0,UNKNOWN,0.0,0,0
brock200-1.gph,200,14834,100,2,degree,4,,0.04594,1,heuristic,,,
brock200-1.gph,200,14834,100,2,random,4,,0.035761,1,heuristic,,,
brock200-1.gph,200,14834,100,2,local,4,,4.4343,1,heuristic,,,
brock200-1.gph,200,14834,100,2,morph,6,,101.585,1,heuristic,,,
brock200-1.gph,200,14834,100,2,cp-sat,nan,False,115.30943800016757,0,UNKNOWN,0.0,0,0
brock200-1.gph,200,14834,100,3,degree,4,,0.037737,1,heuristic,,,
brock200-1.gph,200,14834,100,3,random,4,,0.04625,1,heuristic,,,
brock200-1.gph,200,14834,100,3,local,4,,4.88508,1,heuristic,,,
brock200-1.gph,200,14834,100,3,morph,6,,100.333,1,heuristic,,,
brock200-1.gph,200,14834,100,3,cp-sat,nan,False,115.56750299996565,0,UNKNOWN,0.0,0,0
brock200-1.gph,200,14834,100,4,degree,4,,0.035,1,heuristic,,,
brock200-1.gph,200,14834,100,4,random,4,,0.034271,1,heuristic,,,
brock200-1.gph,200,14834,100,4,local,4,,4.43406,1,heuristic,,,
brock200-1.gph,200,14834,100,4,morph,6,,101.053,1,heuristic,,,
brock200-1.gph,200,14834,100,4,cp-sat,nan,False,116.817600000104,0,UNKNOWN,0.0,0,0
brock200-1.gph,200,14834,100,5,degree,4,,0.035175,1,heuristic,,,
brock200-1.gph,200,14834,100,5,random,4,,0.041813,1,heuristic,,,
brock200-1.gph,200,14834,100,5,local,4,,4.90436,1,heuristic,,,
brock200-1.gph,200,14834,100,5,morph,6,,100.478,1,heuristic,,,
brock200-1.gph,200,14834,100,5,cp-sat,nan,False,97.45570299992323,0,UNKNOWN,0.0,0,0
brock200-1.gph,200,14834,1000,1,degree,4,,0.03517,1,heuristic,,,
brock200-1.gph,200,14834,1000,1,random,4,,0.034888,1,heuristic,,,
brock200-1.gph,200,14834,1000,1,local,4,,4.44558,1,heuristic,,,
brock200-1.gph,200,14834,1000,1,morph,6,,1003.24,1,heuristic,,,
brock200-1.gph,200,14834,1000,1,cp-sat,4,True,962.894253000286,1,FEASIBLE,14.0,577,0
brock200-1.gph,200,14834,1000,2,degree,4,,0.03515,1,heuristic,,,
brock200-1.gph,200,14834,1000,2,random,4,,0.035342,1,heuristic,,,
brock200-1.gph,200,14834,1000,2,local,4,,4.41137,1,heuristic,,,
brock200-1.gph,200,14834,1000,2,morph,6,,1000.57,1,heuristic,,,
brock200-1.gph,200,14834,1000,2,cp-sat,4,True,962.5441680000222,1,FEASIBLE,14.0,577,0
brock200-1.gph,200,14834,1000,3,degree,4,,0.035119,1,heuristic,,,
brock200-1.gph,200,14834,1000,3,random,4,,0.038351,1,heuristic,,,
brock200-1.gph,200,14834,1000,3,local,4,,8.08438,1,heuristic,,,
brock200-1.gph,200,14834,1000,3,morph,6,,1000.75,1,heuristic,,,
brock200-1.gph,200,14834,1000,3,cp-sat,nan,False,1000.6150549997983,0,UNKNOWN,14.0,461,0
brock200-1.gph,200,14834,1000,4,degree,4,,0.047299,1,heuristic,,,
brock200-1.gph,200,14834,1000,4,random,4,,0.047421,1,heuristic,,,
brock200-1.gph,200,14834,1000,4,local,4,,7.11484,1,heuristic,,,
brock200-1.gph,200,14834,1000,4,morph,6,,1002.32,1,heuristic,,,
brock200-1.gph,200,14834,1000,4,cp-sat,4,True,1001.2634559998332,1,FEASIBLE,14.0,577,0
brock200-1.gph,200,14834,1000,5,degree,4,,0.059853,1,heuristic,,,
brock200-1.gph,200,14834,1000,5,random,4,,0.034451,1,heuristic,,,
brock200-1.gph,200,14834,1000,5,local,4,,4.4187,1,heuristic,,,
brock200-1.gph,200,14834,1000,5,morph,6,,1002.06,1,heuristic,,,
brock200-1.gph,200,14834,1000,5,cp-sat,4,True,1001.9746779998968,1,FEASIBLE,14.0,978,0
R_500_005_1.gph,500,6256,10,1,degree,69,,0.08902,1,heuristic,,,
R_500_005_1.gph,500,6256,10,1,random,71,,0.07934,1,heuristic,,,
R_500_005_1.gph,500,6256,10,1,local,71,,0.450121,1,heuristic,,,
R_500_005_1.gph,500,6256,10,1,morph,82,,10.491,1,heuristic,,,
R_500_005_1.gph,500,6256,10,1,cp-sat,nan,False,8.111918999929912,0,UNKNOWN,0.0,0,0
R_500_005_1.gph,500,6256,10,2,degree,69,,0.101734,1,heuristic,,,
R_500_005_1.gph,500,6256,10,2,random,69,,0.077968,1,heuristic,,,
R_500_005_1.gph,500,6256,10,2,local,69,,0.455381,1,heuristic,,,
R_500_005_1.gph,500,6256,10,2,morph,85,,10.4873,1,heuristic,,,
R_500_005_1.gph,500,6256,10,2,cp-sat,nan,False,8.171097000285954,0,UNKNOWN,0.0,0,0
R_500_005_1.gph,500,6256,10,3,degree,69,,0.088714,1,heuristic,,,
R_500_005_1.gph,500,6256,10,3,random,68,,0.075562,1,heuristic,,,
R_500_005_1.gph,500,6256,10,3,local,68,,0.454589,1,heuristic,,,
R_500_005_1.gph,500,6256,10,3,morph,83,,10.4631,1,heuristic,,,
R_500_005_1.gph,500,6256,10,3,cp-sat,nan,False,8.727097999781108,0,UNKNOWN,0.0,0,0
R_500_005_1.gph,500,6256,10,4,degree,69,,0.07797,1,heuristic,,,
R_500_005_1.gph,500,6256,10,4,random,65,,0.07937,1,heuristic,,,
R_500_005_1.gph,500,6256,10,4,local,65,,0.480632,1,heuristic,,,
R_500_005_1.gph,500,6256,10,4,morph,83,,10.8381,1,heuristic,,,
R_500_005_1.gph,500,6256,10,4,cp-sat,nan,False,8.214221999878646,0,UNKNOWN,0.0,0,0
R_500_005_1.gph,500,6256,10,5,degree,69,,0.087995,1,heuristic,,,
R_500_005_1.gph,500,6256,10,5,random,70,,0.074377,1,heuristic,,,
R_500_005_1.gph,500,6256,10,5,local,70,,0.463338,1,heuristic,,,
R_500_005_1.gph,500,6256,10,5,morph,86,,10.5655,1,heuristic,,,
R_500_005_1.gph,500,6256,10,5,cp-sat,nan,False,8.563844000036624,0,UNKNOWN,0.0,0,0
R_500_005_1.gph,500,6256,50,1,degree,69,,0.076943,1,heuristic,,,
R_500_005_1.gph,500,6256,50,1,random,71,,0.077864,1,heuristic,,,
R_500_005_1.gph,500,6256,50,1,local,71,,0.464932,1,heuristic,,,
R_500_005_1.gph,500,6256,50,1,morph,85,,50.5986,1,heuristic,,,
R_500_005_1.gph,500,6256,50,1,cp-sat,nan,False,56.06457100020634,0,UNKNOWN,0.0,0,0
R_500_005_1.gph,500,6256,50,2,degree,69,,0.118029,1,heuristic,,,
R_500_005_1.gph,500,6256,50,2,random,69,,0.078518,1,heuristic,,,
R_500_005_1.gph,500,6256,50,2,local,69,,0.500745,1,heuristic,,,
R_500_005_1.gph,500,6256,50,2,morph,87,,50.2088,1,heuristic,,,
R_500_005_1.gph,500,6256,50,2,cp-sat,nan,False,55.47219899972333,0,UNKNOWN,0.0,0,0
R_500_005_1.gph,500,6256,50,3,degree,69,,0.089714,1,heuristic,,,
R_500_005_1.gph,500,6256,50,3,random,68,,0.093419,1,heuristic,,,
R_500_005_1.gph,500,6256,50,3,local,68,,0.50826,1,heuristic,,,
R_500_005_1.gph,500,6256,50,3,morph,86,,50.3912,1,heuristic,,,
R_500_005_1.gph,500,6256,50,3,cp-sat,nan,False,56.62308799992388,0,UNKNOWN,0.0,0,0
R_500_005_1.gph,500,6256,50,4,degree,69,,0.078122,1,heuristic,,,
R_500_005_1.gph,500,6256,50,4,random,65,,0.077739,1,heuristic,,,
R_500_005_1.gph,500,6256,50,4,local,65,,0.529533,1,heuristic,,,
R_500_005_1.gph,500,6256,50,4,morph,85,,50.3197,1,heuristic,,,
R_500_005_1.gph,500,6256,50,4,cp-sat,nan,False,55.30701300040164,0,UNKNOWN,0.0,0,0
R_500_005_1.gph,500,6256,50,5,degree,69,,0.07734,1,heuristic,,,
R_500_005_1.gph,500,6256,50,5,random,70,,0.077675,1,heuristic,,,
R_500_005_1.gph,500,6256,50,5,local,70,,0.462611,1,heuristic,,,
R_500_005_1.gph,500,6256,50,5,morph,86,,50.5662,1,heuristic,,,
R_500_005_1.gph,500,6256,50,5,cp-sat,nan,False,55.48708100013755,0,UNKNOWN,0.0,0,0
R_500_005_1.gph,500,6256,100,1,degree,69,,0.078221,1,heuristic,,,
R_500_005_1.gph,500,6256,100,1,random,71,,0.080147,1,heuristic,,,
R_500_005_1.gph,500,6256,100,1,local,71,,0.483285,1,heuristic,,,
R_500_005_1.gph,500,6256,100,1,morph,86,,100.194,1,heuristic,,,
R_500_005_1.gph,500,6256,100,1,cp-sat,nan,False,102.8123549999691,0,UNKNOWN,0.0,0,0
R_500_005_1.gph,500,6256,100,2,degree,69,,0.078888,1,heuristic,,,
R_500_005_1.gph,500,6256,100,2,random,69,,0.084917,1,heuristic,,,
R_500_005_1.gph,500,6256,100,2,local,69,,0.501198,1,heuristic,,,
R_500_005_1.gph,500,6256,100,2,morph,87,,100.507,1,heuristic,,,
R_500_005_1.gph,500,6256,100,2,cp-sat,nan,False,103.21418600005927,0,UNKNOWN,0.0,0,0
R_500_005_1.gph,500,6256,100,3,degree,69,,0.077643,1,heuristic,,,
R_500_005_1.gph,500,6256,100,3,random,68,,0.07688,1,heuristic,,,
R_500_005_1.gph,500,6256,100,3,local,68,,0.451458,1,heuristic,,,
R_500_005_1.gph,500,6256,100,3,morph,86,,100.292,1,heuristic,,,
R_500_005_1.gph,500,6256,100,3,cp-sat,nan,False,101.95816799978275,0,UNKNOWN,0.0,0,0
R_500_005_1.gph,500,6256,100,4,degree,69,,0.077488,1,heuristic,,,
R_500_005_1.gph,500,6256,100,4,random,65,,0.075923,1,heuristic,,,
R_500_005_1.gph,500,6256,100,4,local,65,,0.482177,1,heuristic,,,
R_500_005_1.gph,500,6256,100,4,morph,85,,100.334,1,heuristic,,,
R_500_005_1.gph,500,6256,100,4,cp-sat,nan,False,102.71663999992597,0,UNKNOWN,0.0,0,0
R_500_005_1.gph,500,6256,100,5,degree,69,,0.07899,1,heuristic,,,
R_500_005_1.gph,500,6256,100,5,random,70,,0.076101,1,heuristic,,,
R_500_005_1.gph,500,6256,100,5,local,70,,0.471237,1,heuristic,,,
R_500_005_1.gph,500,6256,100,5,morph,86,,100.674,1,heuristic,,,
R_500_005_1.gph,500,6256,100,5,cp-sat,nan,False,103.15463799997815,0,UNKNOWN,0.0,0,0
R_500_005_1.gph,500,6256,1000,1,degree,69,,0.121808,1,heuristic,,,
R_500_005_1.gph,500,6256,1000,1,random,71,,0.096082,1,heuristic,,,
R_500_005_1.gph,500,6256,1000,1,local,71,,0.83918,1,heuristic,,,
R_500_005_1.gph,500,6256,1000,1,morph,87,,1000.66,1,heuristic,,,
R_500_005_1.gph,500,6256,1000,1,cp-sat,nan,False,1001.5111100001377,0,UNKNOWN,161.0,2021,0
R_500_005_1.gph,500,6256,1000,2,degree,69,,0.089792,1,heuristic,,,
R_500_005_1.gph,500,6256,1000,2,random,69,,0.095733,1,heuristic,,,
R_500_005_1.gph,500,6256,1000,2,local,69,,0.58723,1,heuristic,,,
R_500_005_1.gph,500,6256,1000,2,morph,87,,1000.5,1,heuristic,,,
R_500_005_1.gph,500,6256,1000,2,cp-sat,nan,False,988.6154109999552,0,UNKNOWN,160.0,2021,0
R_500_005_1.gph,500,6256,1000,3,degree,69,,0.093018,1,heuristic,,,
R_500_005_1.gph,500,6256,1000,3,random,68,,0.104362,1,heuristic,,,
R_500_005_1.gph,500,6256,1000,3,local,68,,0.507717,1,heuristic,,,
R_500_005_1.gph,500,6256,1000,3,morph,86,,1000.39,1,heuristic,,,
R_500_005_1.gph,500,6256,1000,3,cp-sat,nan,False,1010.2710810001554,0,UNKNOWN,160.0,2008,0
R_500_005_1.gph,500,6256,1000,4,degree,69,,0.09747,1,heuristic,,,
R_500_005_1.gph,500,6256,1000,4,random,65,,0.096178,1,heuristic,,,
R_500_005_1.gph,500,6256,1000,4,local,65,,0.581295,1,heuristic,,,
R_500_005_1.gph,500,6256,1000,4,morph,87,,1000.78,1,heuristic,,,
R_500_005_1.gph,500,6256,1000,4,cp-sat,nan,False,1000.9826659997998,0,UNKNOWN,160.0,2015,0
R_500_005_1.gph,500,6256,1000,5,degree,69,,0.076968,1,heuristic,,,
R_500_005_1.gph,500,6256,1000,5,random,70,,0.076337,1,heuristic,,,
R_500_005_1.gph,500,6256,1000,5,local,70,,0.4984,1,heuristic,,,
R_500_005_1.gph,500,6256,1000,5,morph,87,,1000.16,1,heuristic,,,
R_500_005_1.gph,500,6256,1000,5,cp-sat,nan,False,999.7812480000903,0,UNKNOWN,161.0,2022,0
C500-9.gph,500,12418,10,1,degree,41,,0.078751,1,heuristic,,,
C500-9.gph,500,12418,10,1,random,42,,0.080422,1,heuristic,,,
C500-9.gph,500,12418,10,1,local,42,,1.1017,1,heuristic,,,
C500-9.gph,500,12418,10,1,morph,53,,10.1954,1,heuristic,,,
C500-9.gph,500,12418,10,1,cp-sat,nan,False,15.935721000005287,0,UNKNOWN,0.0,0,0
C500-9.gph,500,12418,10,2,degree,41,,0.077688,1,heuristic,,,
C500-9.gph,500,12418,10,2,random,43,,0.080797,1,heuristic,,,
C500-9.gph,500,12418,10,2,local,43,,1.12074,1,heuristic,,,
C500-9.gph,500,12418,10,2,morph,53,,11.5567,1,heuristic,,,
C500-9.gph,500,12418,10,2,cp-sat,nan,False,15.497500999572367,0,UNKNOWN,0.0,0,0
C500-9.gph,500,12418,10,3,degree,41,,0.100181,1,heuristic,,,
C500-9.gph,500,12418,10,3,random,42,,0.079224,1,heuristic,,,
C500-9.gph,500,12418,10,3,local,42,,1.12533,1,heuristic,,,
C500-9.gph,500,12418,10,3,morph,51,,10.2771,1,heuristic,,,
C500-9.gph,500,12418,10,3,cp-sat,nan,False,15.478371999961382,0,UNKNOWN,0.0,0,0
C500-9.gph,500,12418,10,4,degree,41,,0.07898,1,heuristic,,,
C500-9.gph,500,12418,10,4,random,42,,0.078311,1,heuristic,,,
C500-9.gph,500,12418,10,4,local,42,,1.09306,1,heuristic,,,
C500-9.gph,500,12418,10,4,morph,53,,11.4482,1,heuristic,,,
C500-9.gph,500,12418,10,4,cp-sat,nan,False,16.444134000266786,0,UNKNOWN,0.0,0,0
C500-9.gph,500,12418,10,5,degree,41,,0.085823,1,heuristic,,,
C500-9.gph,500,12418,10,5,random,43,,0.08208,1,heuristic,,,
C500-9.gph,500,12418,10,5,local,43,,1.09406,1,heuristic,,,
C500-9.gph,500,12418,10,5,morph,53,,10.2411,1,heuristic,,,
C500-9.gph,500,12418,10,5,cp-sat,nan,False,16.021124999952008,0,UNKNOWN,0.0,0,0
C500-9.gph,500,12418,50,1,degree,41,,0.0768,1,heuristic,,,
C500-9.gph,500,12418,50,1,random,42,,0.080501,1,heuristic,,,
C500-9.gph,500,12418,50,1,local,42,,1.08807,1,heuristic,,,
C500-9.gph,500,12418,50,1,morph,53,,51.4891,1,heuristic,,,
C500-9.gph,500,12418,50,1,cp-sat,nan,False,66.9817289999628,0,UNKNOWN,0.0,0,0
C500-9.gph,500,12418,50,2,degree,41,,0.112845,1,heuristic,,,
C500-9.gph,500,12418,50,2,random,43,,0.0803,1,heuristic,,,
C500-9.gph,500,12418,50,2,local,43,,1.10855,1,heuristic,,,
C500-9.gph,500,12418,50,2,morph,53,,50.6561,1,heuristic,,,
C500-9.gph,500,12418,50,2,cp-sat,nan,False,58.9128750002601,0,UNKNOWN,0.0,0,0
C500-9.gph,500,12418,50,3,degree,41,,0.077619,1,heuristic,,,
C500-9.gph,500,12418,50,3,random,42,,0.100849,1,heuristic,,,
C500-9.gph,500,12418,50,3,local,42,,1.23452,1,heuristic,,,
C500-9.gph,500,12418,50,3,morph,52,,50.7229,1,heuristic,,,
C500-9.gph,500,12418,50,3,cp-sat,nan,False,58.17416100035189,0,UNKNOWN,0.0,0,0
C500-9.gph,500,12418,50,4,degree,41,,0.082398,1,heuristic,,,
C500-9.gph,500,12418,50,4,random,42,,0.078173,1,heuristic,,,
C500-9.gph,500,12418,50,4,local,42,,1.06391,1,heuristic,,,
C500-9.gph,500,12418,50,4,morph,53,,51.0171,1,heuristic,,,
C500-9.gph,500,12418,50,4,cp-sat,nan,False,59.23308299998098,0,UNKNOWN,0.0,0,0
C500-9.gph,500,12418,50,5,degree,41,,0.07869,1,heuristic,,,
C500-9.gph,500,12418,50,5,random,43,,0.082833,1,heuristic,,,
C500-9.gph,500,12418,50,5,local,43,,1.08253,1,heuristic,,,
C500-9.gph,500,12418,50,5,morph,53,,50.4553,1,heuristic,,,
C500-9.gph,500,12418,50,5,cp-sat,nan,False,59.04551999992691,0,UNKNOWN,0.0,0,0
C500-9.gph,500,12418,100,1,degree,41,,0.077167,1,heuristic,,,
C500-9.gph,500,12418,100,1,random,42,,0.080772,1,heuristic,,,
C500-9.gph,500,12418,100,1,local,42,,1.10877,1,heuristic,,,
C500-9.gph,500,12418,100,1,morph,53,,101.404,1,heuristic,,,
C500-9.gph,500,12418,100,1,cp-sat,nan,False,107.42682699992656,0,UNKNOWN,0.0,0,0
C500-9.gph,500,12418,100,2,degree,41,,0.07685,1,heuristic,,,
C500-9.gph,500,12418,100,2,random,43,,0.082221,1,heuristic,,,
C500-9.gph,500,12418,100,2,local,43,,1.13612,1,heuristic,,,
C500-9.gph,500,12418,100,2,morph,53,,100.216,1,heuristic,,,
C500-9.gph,500,12418,100,2,cp-sat,nan,False,110.38777200019467,0,UNKNOWN,0.0,0,0
C500-9.gph,500,12418,100,3,degree,41,,0.077498,1,heuristic,,,
C500-9.gph,500,12418,100,3,random,42,,0.07855,1,heuristic,,,
C500-9.gph,500,12418,100,3,local,42,,1.16554,1,heuristic,,,
C500-9.gph,500,12418,100,3,morph,54,,101.605,1,heuristic,,,
C500-9.gph,500,12418,100,3,cp-sat,nan,False,107.0662289998836,0,UNKNOWN,0.0,0,0
C500-9.gph,500,12418,100,4,degree,41,,0.077425,1,heuristic,,,
C500-9.gph,500,12418,100,4,random,42,,0.078277,1,heuristic,,,
C500-9.gph,500,12418,100,4,local,42,,1.08353,1,heuristic,,,
C500-9.gph,500,12418,100,4,morph,53,,100.223,1,heuristic,,,
C500-9.gph,500,12418,100,4,cp-sat,nan,False,107.03227200019683,0,UNKNOWN,0.0,0,0
C500-9.gph,500,12418,100,5,degree,41,,0.078459,1,heuristic,,,
C500-9.gph,500,12418,100,5,random,43,,0.082046,1,heuristic,,,
C500-9.gph,500,12418,100,5,local,43,,1.09413,1,heuristic,,,
C500-9.gph,500,12418,100,5,morph,53,,101.333,1,heuristic,,,
C500-9.gph,500,12418,100,5,cp-sat,nan,False,109.90017800031637,0,UNKNOWN,0.0,0,0
C500-9.gph,500,12418,1000,1,degree,41,,0.078273,1,heuristic,,,
C500-9.gph,500,12418,1000,1,random,42,,0.080188,1,heuristic,,,
C500-9.gph,500,12418,1000,1,local,42,,1.10001,1,heuristic,,,
C500-9.gph,500,12418,1000,1,morph,54,,1001.23,1,heuristic,,,
C500-9.gph,500,12418,1000,1,cp-sat,nan,False,1003.9096900000004,0,UNKNOWN,127.0,2006,0
C500-9.gph,500,12418,1000,2,degree,41,,0.101702,1,heuristic,,,
C500-9.gph,500,12418,1000,2,random,43,,0.10483,1,heuristic,,,
C500-9.gph,500,12418,1000,2,local,43,,1.10075,1,heuristic,,,
C500-9.gph,500,12418,1000,2,morph,55,,1000.81,1,heuristic,,,
C500-9.gph,500,12418,1000,2,cp-sat,nan,False,1001.322995999999,0,UNKNOWN,127.0,2003,0
C500-9.gph,500,12418,1000,3,degree,41,,0.09705,1,heuristic,,,
C500-9.gph,500,12418,1000,3,random,42,,0.10041,1,heuristic,,,
C500-9.gph,500,12418,1000,3,local,42,,1.30597,1,heuristic,,,
C500-9.gph,500,12418,1000,3,morph,54,,1001.65,1,heuristic,,,
C500-9.gph,500,12418,1000,3,cp-sat,nan,False,1000.131508999857,0,UNKNOWN,129.0,1001,0
C500-9.gph,500,12418,1000,4,degree,41,,0.146643,1,heuristic,,,
C500-9.gph,500,12418,1000,4,random,42,,0.096846,1,heuristic,,,
C500-9.gph,500,12418,1000,4,local,42,,1.28856,1,heuristic,,,
C500-9.gph,500,12418,1000,4,morph,54,,1001.48,1,heuristic,,,
C500-9.gph,500,12418,1000,4,cp-sat,nan,False,999.2678680000608,0,UNKNOWN,127.0,2006,0
C500-9.gph,500,12418,1000,5,degree,41,,0.07718,1,heuristic,,,
C500-9.gph,500,12418,1000,5,random,43,,0.08199,1,heuristic,,,
C500-9.gph,500,12418,1000,5,local,43,,1.08996,1,heuristic,,,
C500-9.gph,500,12418,1000,5,morph,54,,1001.14,1,heuristic,,,
C500-9.gph,500,12418,1000,5,cp-sat,nan,False,1000.7184080000116,0,UNKNOWN,127.0,2006,0
R_1000_005_1.gph,1000,24670,10,1,degree,90,,0.170631,1,heuristic,,,
R_1000_005_1.gph,1000,24670,10,1,random,89,,0.169696,1,heuristic,,,
R_1000_005_1.gph,1000,24670,10,1,local,89,,2.36247,1,heuristic,,,
R_1000_005_1.gph,1000,24670,10,1,morph,103,,12.9192,1,heuristic,,,
R_1000_005_1.gph,1000,24670,10,1,cp-sat,nan,False,30.944858000111708,0,UNKNOWN,0.0,0,0
R_1000_005_1.gph,1000,24670,10,2,degree,90,,0.189791,1,heuristic,,,
R_1000_005_1.gph,1000,24670,10,2,random,88,,0.168996,1,heuristic,,,
R_1000_005_1.gph,1000,24670,10,2,local,88,,2.4159,1,heuristic,,,
R_1000_005_1.gph,1000,24670,10,2,morph,103,,13.1287,1,heuristic,,,
R_1000_005_1.gph,1000,24670,10,2,cp-sat,nan,False,30.959925999923144,0,UNKNOWN,0.0,0,0
R_1000_005_1.gph,1000,24670,10,3,degree,90,,0.195916,1,heuristic,,,
R_1000_005_1.gph,1000,24670,10,3,random,88,,0.173966,1,heuristic,,,
R_1000_005_1.gph,1000,24670,10,3,local,88,,2.25209,1,heuristic,,,
R_1000_005_1.gph,1000,24670,10,3,morph,104,,12.9336,1,heuristic,,,
R_1000_005_1.gph,1000,24670,10,3,cp-sat,nan,False,31.43280299991602,0,UNKNOWN,0.0,0,0
R_1000_005_1.gph,1000,24670,10,4,degree,90,,0.171857,1,heuristic,,,
R_1000_005_1.gph,1000,24670,10,4,random,92,,0.19882,1,heuristic,,,
R_1000_005_1.gph,1000,24670,10,4,local,92,,2.24858,1,heuristic,,,
R_1000_005_1.gph,1000,24670,10,4,morph,105,,13.0028,1,heuristic,,,
R_1000_005_1.gph,1000,24670,10,4,cp-sat,nan,False,31.869570999788266,0,UNKNOWN,0.0,0,0
R_1000_005_1.gph,1000,24670,10,5,degree,90,,0.208352,1,heuristic,,,
R_1000_005_1.gph,1000,24670,10,5,random,88,,0.181806,1,heuristic,,,
R_1000_005_1.gph,1000,24670,10,5,local,88,,2.41741,1,heuristic,,,
R_1000_005_1.gph,1000,24670,10,5,morph,105,,10.2289,1,heuristic,,,
R_1000_005_1.gph,1000,24670,10,5,cp-sat,nan,False,31.440384999768867,0,UNKNOWN,0.0,0,0
R_1000_005_1.gph,1000,24670,50,1,degree,90,,0.169737,1,heuristic,,,
R_1000_005_1.gph,1000,24670,50,1,random,89,,0.169964,1,heuristic,,,
R_1000_005_1.gph,1000,24670,50,1,local,89,,2.34126,1,heuristic,,,
R_1000_005_1.gph,1000,24670,50,1,morph,104,,51.4212,1,heuristic,,,
R_1000_005_1.gph,1000,24670,50,1,cp-sat,nan,False,84.06662500010498,0,UNKNOWN,0.0,0,0
R_1000_005_1.gph,1000,24670,50,2,degree,90,,0.176724,1,heuristic,,,
R_1000_005_1.gph,1000,24670,50,2,random,88,,0.171495,1,heuristic,,,
R_1000_005_1.gph,1000,24670,50,2,local,88,,2.38061,1,heuristic,,,
R_1000_005_1.gph,1000,24670,50,2,morph,106,,51.1868,1,heuristic,,,
R_1000_005_1.gph,1000,24670,50,2,cp-sat,nan,False,83.23609000035503,0,UNKNOWN,0.0,0,0
R_1000_005_1.gph,1000,24670,50,3,degree,90,,0.170553,1,heuristic,,,
R_1000_005_1.gph,1000,24670,50,3,random,88,,0.20314,1,heuristic,,,
R_1000_005_1.gph,1000,24670,50,3,local,88,,2.25135,1,heuristic,,,
R_1000_005_1.gph,1000,24670,50,3,morph,106,,50.4418,1,heuristic,,,
R_1000_005_1.gph,1000,24670,50,3,cp-sat,nan,False,83.45245300006354,0,UNKNOWN,0.0,0,0
R_1000_005_1.gph,1000,24670,50,4,degree,90,,0.17251,1,heuristic,,,
R_1000_005_1.gph,1000,24670,50,4,random,92,,0.198303,1,heuristic,,,
R_1000_005_1.gph,1000,24670,50,4,local,92,,2.36307,1,heuristic,,,
R_1000_005_1.gph,1000,24670,50,4,morph,109,,51.4512,1,heuristic,,,
R_1000_005_1.gph,1000,24670,50,4,cp-sat,nan,False,84.14897800003018,0,UNKNOWN,0.0,0,0
R_1000_005_1.gph,1000,24670,50,5,degree,90,,0.180677,1,heuristic,,,
R_1000_005_1.gph,1000,24670,50,5,random,88,,0.181782,1,heuristic,,,
R_1000_005_1.gph,1000,24670,50,5,local,88,,2.52609,1,heuristic,,,
R_1000_005_1.gph,1000,24670,50,5,morph,105,,51.9885,1,heuristic,,,
R_1000_005_1.gph,1000,24670,50,5,cp-sat,nan,False,84.51703499986252,0,UNKNOWN,0.0,0,0
R_1000_005_1.gph,1000,24670,100,1,degree,90,,0.214502,1,heuristic,,,
R_1000_005_1.gph,1000,24670,100,1,random,89,,0.224257,1,heuristic,,,
R_1000_005_1.gph,1000,24670,100,1,local,89,,2.52967,1,heuristic,,,
R_1000_005_1.gph,1000,24670,100,1,morph,106,,102.646,1,heuristic,,,
R_1000_005_1.gph,1000,24670,100,1,cp-sat,nan,False,119.73067400003856,0,UNKNOWN,0.0,0,0
R_1000_005_1.gph,1000,24670,100,2,degree,90,,0.173249,1,heuristic,,,
R_1000_005_1.gph,1000,24670,100,2,random,88,,0.178996,1,heuristic,,,
R_1000_005_1.gph,1000,24670,100,2,local,88,,2.40534,1,heuristic,,,
R_1000_005_1.gph,1000,24670,100,2,morph,106,,101.541,1,heuristic,,,
R_1000_005_1.gph,1000,24670,100,2,cp-sat,nan,False,119.82051399991178,0,UNKNOWN,0.0,0,0
R_1000_005_1.gph,1000,24670,100,3,degree,90,,0.169096,1,heuristic,,,
R_1000_005_1.gph,1000,24670,100,3,random,88,,0.175274,1,heuristic,,,
R_1000_005_1.gph,1000,24670,100,3,local,88,,2.23997,1,heuristic,,,
R_1000_005_1.gph,1000,24670,100,3,morph,106,,101.644,1,heuristic,,,
R_1000_005_1.gph,1000,24670,100,3,cp-sat,nan,False,119.27168900001561,0,UNKNOWN,0.0,0,0
R_1000_005_1.gph,1000,24670,100,4,degree,90,,0.170166,1,heuristic,,,
R_1000_005_1.gph,1000,24670,100,4,random,92,,0.185383,1,heuristic,,,
R_1000_005_1.gph,1000,24670,100,4,local,92,,2.2847,1,heuristic,,,
R_1000_005_1.gph,1000,24670,100,4,morph,109,,100.144,1,heuristic,,,
R_1000_005_1.gph,1000,24670,100,4,cp-sat,nan,False,119.4989489999898,0,UNKNOWN,0.0,0,0
R_1000_005_1.gph,1000,24670,100,5,degree,90,,0.194691,1,heuristic,,,
R_1000_005_1.gph,1000,24670,100,5,random,88,,0.195766,1,heuristic,,,
R_1000_005_1.gph,1000,24670,100,5,local,88,,2.42013,1,heuristic,,,
R_1000_005_1.gph,1000,24670,100,5,morph,106,,102.625,1,heuristic,,,
R_1000_005_1.gph,1000,24670,100,5,cp-sat,nan,False,118.89465099966401,0,UNKNOWN,0.0,0,0
R_1000_005_1.gph,1000,24670,1000,1,degree,90,,0.20586,1,heuristic,,,
R_1000_005_1.gph,1000,24670,1000,1,random,89,,0.192935,1,heuristic,,,
R_1000_005_1.gph,1000,24670,1000,1,local,89,,2.34914,1,heuristic,,,
R_1000_005_1.gph,1000,24670,1000,1,morph,109,,1003.88,1,heuristic,,,
R_1000_005_1.gph,1000,24670,1000,1,cp-sat,nan,False,1002.8461109995987,0,UNKNOWN,426.0,2000,0
R_1000_005_1.gph,1000,24670,1000,2,degree,90,,0.221707,1,heuristic,,,
R_1000_005_1.gph,1000,24670,1000,2,random,88,,0.231891,1,heuristic,,,
R_1000_005_1.gph,1000,24670,1000,2,local,88,,2.79848,1,heuristic,,,
R_1000_005_1.gph,1000,24670,1000,2,morph,108,,1000.54,1,heuristic,,,
R_1000_005_1.gph,1000,24670,1000,2,cp-sat,nan,False,1004.6513690003849,0,UNKNOWN,377.0,2007,0
R_1000_005_1.gph,1000,24670,1000,3,degree,90,,0.169721,1,heuristic,,,
R_1000_005_1.gph,1000,24670,1000,3,random,88,,0.182211,1,heuristic,,,
R_1000_005_1.gph,1000,24670,1000,3,local,88,,2.25953,1,heuristic,,,
R_1000_005_1.gph,1000,24670,1000,3,morph,109,,1000.56,1,heuristic,,,
R_1000_005_1.gph,1000,24670,1000,3,cp-sat,nan,False,1001.8065889998979,0,UNKNOWN,408.0,2015,0
R_1000_005_1.gph,1000,24670,1000,4,degree,90,,0.168638,1,heuristic,,,
R_1000_005_1.gph,1000,24670,1000,4,random,92,,0.201061,1,heuristic,,,
R_1000_005_1.gph,1000,24670,1000,4,local,92,,2.25537,1,heuristic,,,
R_1000_005_1.gph,1000,24670,1000,4,morph,109,,1000.11,1,heuristic,,,
R_1000_005_1.gph,1000,24670,1000,4,cp-sat,nan,False,1004.0977600001497,0,UNKNOWN,326.0,4008,0
R_1000_005_1.gph,1000,24670,1000,5,degree,90,,0.173056,1,heuristic,,,
R_1000_005_1.gph,1000,24670,1000,5,random,88,,0.2145,1,heuristic,,,
R_1000_005_1.gph,1000,24670,1000,5,local,88,,2.39226,1,heuristic,,,
R_1000_005_1.gph,1000,24670,1000,5,morph,109,,1003.12,1,heuristic,,,
R_1000_005_1.gph,1000,24670,1000,5,cp-sat,nan,False,1001.9565759998841,0,UNKNOWN,345.0,4008,0
C4000-5.gph,4000,3997732,10,1,degree,12,,3.3557,1,heuristic,,,
C4000-5.gph,4000,3997732,10,1,random,12,,3.64297,1,heuristic,,,
C4000-5.gph,4000,3997732,10,1,local,12,,4742.42,1,heuristic,,,
C4000-5.gph,4000,3997732,10,1,morph,14,,4455.88,1,heuristic,,,
C4000-5.gph,4000,3997732,10,1,cp-sat,nan,False,5746.346321000146,0,UNKNOWN,0.0,0,0
C4000-5.gph,4000,3997732,10,2,degree,12,,3.37911,1,heuristic,,,
C4000-5.gph,4000,3997732,10,2,random,12,,3.43674,1,heuristic,,,
C4000-5.gph,4000,3997732,10,2,local,12,,5196.35,1,heuristic,,,
C4000-5.gph,4000,3997732,10,2,morph,15,,4100.11,1,heuristic,,,
C4000-5.gph,4000,3997732,10,2,cp-sat,nan,False,6276.950545000091,0,UNKNOWN,0.0,0,0
C4000-5.gph,4000,3997732,10,3,degree,12,,3.55091,1,heuristic,,,
C4000-5.gph,4000,3997732,10,3,random,12,,3.62699,1,heuristic,,,
C4000-5.gph,4000,3997732,10,3,local,12,,4794.26,1,heuristic,,,
C4000-5.gph,4000,3997732,10,3,morph,14,,3964.89,1,heuristic,,,
C4000-5.gph,4000,3997732,10,3,cp-sat,nan,False,7475.537361000079,0,UNKNOWN,0.0,0,0
C4000-5.gph,4000,3997732,10,4,degree,12,,3.67364,1,heuristic,,,
C4000-5.gph,4000,3997732,10,4,random,12,,3.45969,1,heuristic,,,
C4000-5.gph,4000,3997732,10,4,local,12,,3818.76,1,heuristic,,,
C4000-5.gph,4000,3997732,10,4,morph,14,,5596.91,1,heuristic,,,
C4000-5.gph,4000,3997732,10,4,cp-sat,nan,False,7741.682015999686,0,UNKNOWN,0.0,0,0
C4000-5.gph,4000,3997732,10,5,degree,12,,3.4595,1,heuristic,,,
C4000-5.gph,4000,3997732,10,5,random,12,,3.4179,1,heuristic,,,
C4000-5.gph,4000,3997732,10,5,local,12,,3735.16,1,heuristic,,,
C4000-5.gph,4000,3997732,10,5,morph,14,,4938.12,1,heuristic,,,
C4000-5.gph,4000,3997732,10,5,cp-sat,nan,False,6927.149077999729,0,UNKNOWN,0.0,0,0
C4000-5.gph,4000,3997732,50,1,degree,12,,3.48217,1,heuristic,,,
C4000-5.gph,4000,3997732,50,1,random,12,,3.37351,1,heuristic,,,
C4000-5.gph,4000,3997732,50,1,local,12,,3714.44,1,heuristic,,,
C4000-5.gph,4000,3997732,50,1,morph,14,,6024.64,1,heuristic,,,
C4000-5.gph,4000,3997732,50,1,cp-sat,nan,False,6792.124268999942,0,UNKNOWN,0.0,0,0
C4000-5.gph,4000,3997732,50,2,degree,12,,3.43765,1,heuristic,,,
C4000-5.gph,4000,3997732,50,2,random,12,,3.60764,1,heuristic,,,
C4000-5.gph,4000,3997732,50,2,local,12,,3637.76,1,heuristic,,,
C4000-5.gph,4000,3997732,50,2,morph,15,,4811.72,1,heuristic,,,
C4000-5.gph,4000,3997732,50,2,cp-sat,nan,False,5643.704490000346,0,UNKNOWN,0.0,0,0
C4000-5.gph,4000,3997732,50,3,degree,12,,4.47542,1,heuristic,,,
C4000-5.gph,4000,3997732,50,3,random,12,,4.52384,1,heuristic,,,
C4000-5.gph,4000,3997732,50,3,local,12,,3683.75,1,heuristic,,,
C4000-5.gph,4000,3997732,50,3,morph,14,,3993.54,1,heuristic,,,
C4000-5.gph,4000,3997732,50,3,cp-sat,nan,False,5591.565056000036,0,UNKNOWN,0.0,0,0
C4000-5.gph,4000,3997732,50,4,degree,12,,3.75056,1,heuristic,,,
C4000-5.gph,4000,3997732,50,4,random,12,,4.41507,1,heuristic,,,
C4000-5.gph,4000,3997732,50,4,local,12,,4465.63,1,heuristic,,,
C4000-5.gph,4000,3997732,50,4,morph,14,,5135.09,1,heuristic,,,
C4000-5.gph,4000,3997732,50,4,cp-sat,nan,False,5603.488875999574,0,UNKNOWN,0.0,0,0
C4000-5.gph,4000,3997732,50,5,degree,12,,4.35298,1,heuristic,,,
C4000-5.gph,4000,3997732,50,5,random,12,,3.57323,1,heuristic,,,
C4000-5.gph,4000,3997732,50,5,local,12,,4656.31,1,heuristic,,,
C4000-5.gph,4000,3997732,50,5,morph,14,,3997.38,1,heuristic,,,
C4000-5.gph,4000,3997732,50,5,cp-sat,nan,False,5560.802603999946,0,UNKNOWN,0.0,0,0
C4000-5.gph,4000,3997732,100,1,degree,12,,3.87723,1,heuristic,,,
C4000-5.gph,4000,3997732,100,1,random,12,,3.41514,1,heuristic,,,
C4000-5.gph,4000,3997732,100,1,local,12,,5207.58,1,heuristic,,,
C4000-5.gph,4000,3997732,100,1,morph,14,,4373.34,1,heuristic,,,
C4000-5.gph,4000,3997732,100,1,cp-sat,nan,False,7096.76078999928,0,UNKNOWN,0.0,0,0
C4000-5.gph,4000,3997732,100,2,degree,12,,3.34393,1,heuristic,,,
C4000-5.gph,4000,3997732,100,2,random,12,,3.4229,1,heuristic,,,
C4000-5.gph,4000,3997732,100,2,local,12,,4198.35,1,heuristic,,,
C4000-5.gph,4000,3997732,100,2,morph,15,,4144.55,1,heuristic,,,
C4000-5.gph,4000,3997732,100,2,cp-sat,nan,False,7414.9862510003,0,UNKNOWN,0.0,0,0
C4000-5.gph,4000,3997732,100,3,degree,12,,3.57238,1,heuristic,,,
C4000-5.gph,4000,3997732,100,3,random,12,,3.34385,1,heuristic,,,
C4000-5.gph,4000,3997732,100,3,local,12,,3631.64,1,heuristic,,,
C4000-5.gph,4000,3997732,100,3,morph,14,,5404.39,1,heuristic,,,
C4000-5.gph,4000,3997732,100,3,cp-sat,nan,False,6972.869062000427,0,UNKNOWN,0.0,0,0
C4000-5.gph,4000,3997732,100,4,degree,12,,3.47477,1,heuristic,,,
C4000-5.gph,4000,3997732,100,4,random,12,,3.5225,1,heuristic,,,
C4000-5.gph,4000,3997732,100,4,local,12,,3756.36,1,heuristic,,,
C4000-5.gph,4000,3997732,100,4,morph,14,,7124.59,1,heuristic,,,
C4000-5.gph,4000,3997732,100,4,cp-sat,nan,False,6768.430373999763,0,UNKNOWN,0.0,0,0
C4000-5.gph,4000,3997732,100,5,degree,12,,3.51833,1,heuristic,,,
C4000-5.gph,4000,3997732,100,5,random,12,,3.48085,1,heuristic,,,
C4000-5.gph,4000,3997732,100,5,local,12,,3673.01,1,heuristic,,,
C4000-5.gph,4000,3997732,100,5,morph,14,,4664.25,1,heuristic,,,
C4000-5.gph,4000,3997732,100,5,cp-sat,nan,False,5532.310333999703,0,UNKNOWN,0.0,0,0
C4000-5.gph,4000,3997732,1000,1,degree,12,,4.0268,1,heuristic,,,
C4000-5.gph,4000,3997732,1000,1,random,12,,4.44369,1,heuristic,,,
C4000-5.gph,4000,3997732,1000,1,local,12,,3688.0,1,heuristic,,,
C4000-5.gph,4000,3997732,1000,1,morph,14,,4517.77,1,heuristic,,,
C4000-5.gph,4000,3997732,1000,1,cp-sat,nan,False,5626.841399000114,0,UNKNOWN,0.0,0,0
C4000-5.gph,4000,3997732,1000,2,degree,12,,3.45811,1,heuristic,,,
C4000-5.gph,4000,3997732,1000,2,random,12,,4.62401,1,heuristic,,,
C4000-5.gph,4000,3997732,1000,2,local,12,,4420.37,1,heuristic,,,
C4000-5.gph,4000,3997732,1000,2,morph,15,,4027.97,1,heuristic,,,
C4000-5.gph,4000,3997732,1000,2,cp-sat,nan,False,5618.502002000241,0,UNKNOWN,0.0,0,0
C4000-5.gph,4000,3997732,1000,3,degree,12,,3.5899,1,heuristic,,,
C4000-5.gph,4000,3997732,1000,3,random,12,,3.34526,1,heuristic,,,
C4000-5.gph,4000,3997732,1000,3,local,12,,5174.46,1,heuristic,,,
C4000-5.gph,4000,3997732,1000,3,morph,14,,3935.41,1,heuristic,,,
C4000-5.gph,4000,3997732,1000,3,cp-sat,nan,False,6889.908100000866,0,UNKNOWN,0.0,0,0
C4000-5.gph,4000,3997732,1000,4,degree,12,,3.4784,1,heuristic,,,
C4000-5.gph,4000,3997732,1000,4,random,12,,3.50779,1,heuristic,,,
C4000-5.gph,4000,3997732,1000,4,local,12,,4335.8,1,heuristic,,,
C4000-5.gph,4000,3997732,1000,4,morph,14,,4966.43,1,heuristic,,,
C4000-5.gph,4000,3997732,1000,4,cp-sat,nan,False,7459.774764000031,0,UNKNOWN,0.0,0,0
C4000-5.gph,4000,3997732,1000,5,degree,12,,3.33176,1,heuristic,,,
C4000-5.gph,4000,3997732,1000,5,random,12,,3.36327,1,heuristic,,,
C4000-5.gph,4000,3997732,1000,5,local,12,,3923.57,1,heuristic,,,
C4000-5.gph,4000,3997732,1000,5,morph,14,,4402.04,1,heuristic,,,
C4000-5.gph,4000,3997732,1000,5,cp-sat,nan,False,7115.1349390002,0,UNKNOWN,0.0,0,0
